01,004012345,004012345,240801,0432,50112,,,2/
02,,236073801,1,240801,0432,,2/
03,709901359,,015,+22236606,,,045,+22037499,,,100,+8301582,,,400,+13025,,/                                        
16,108,+267814,,,,YARDI CARD DEP   FT135Trans                                                                     
16,108,+327861,,,,Lindy Property-f Settlement                                                                     
16,475,+13025,0,8689300,19363,CHECK PAID                                                                          
16,108,+199107,,,,LOCKBOX DEPOSIT                                                                                 
16,108,+7506800,,,,Philadelphia Hou S8 VENDORS                                                                    
49,+60903319,7/
03,709901359,,015,+21782667,,,045,+21702407,,,100,+575588,,,400,+1029527,,/                                       
16,108,+300000,,,,Lindy Property-f Settlement                                                                     
16,108,+29607,,,,YARDI CARD DEP   FT135Trans                                                                      
16,108,+165721,,,,Lindy Property-f Settlement                                                                     
16,475,+295110,0,8207380,19371,CHECK PAID                                                                         
16,108,+80260,,,,LOCKBOX DEPOSIT                                                                                  
16,409,+734417,0,,,CASS INFO. SHIP. CONC ACCTS                                                                    
49,+46695304,8/
03,709901359,,015,+21782667,,,045,+21702407,,,100,,,,400,,,/                                                      
49,+43485074,2/
03,709901359,,015,+21782667,,,045,+21702407,,,100,,,,400,,,/                                                      
49,+43485074,2/
03,709901359,,015,+22415335,,,045,+22290798,,,100,+737154,,,400,+104486,,/                                        
16,108,+130828,,,,Lindy Property-f Settlement                                                                     
16,108,+237828,,,,Lindy Property-f Settlement                                                                     
16,409,+65400,0,,,Lowes                                                                                           
16,108,+48133,,,,Lindy Property-f Settlement                                                                      
16,108,+92421,,,,YARDI CARD DEP   FT135Trans                                                                      
16,108,+103407,,,,Flex                                                                                            
16,475,+39086,0,8878510,19382,CHECK PAID                                                                          
16,108,+124537,,,,LOCKBOX DEPOSIT                                                                                 
49,+46389413,10/
03,709901359,,015,+22662638,,,045,+20201004,,,100,+537942,,,400,+290639,,/                                        
16,475,+152879,0,8062990,19385,CHECK PAID                                                                         
16,475,+77760,0,8106330,19380,CHECK PAID                                                                          
16,475,+60000,0,8070510,19379,CHECK PAID                                                                          
16,108,+33907,,,,Lindy Property-f Settlement                                                                      
16,108,+89707,,,,YARDI CARD DEP   FT135Trans                                                                      
16,108,+127507,,,,Lindy Property-f Settlement                                                                     
16,108,+141814,,,,YARDI CARD DEP   FT135Trans                                                                     
16,108,+145007,,,,FLEX                                                                                            
49,+44520804,10/
03,709901359,,015,+20791400,,,045,+20791400,,,100,+1502594,,,400,+3373832,,/                                      
16,108,+202861,,,,YARDI CARD DEP   FT135Trans                                                                     
16,108,+410063,,,,YARDI CARD DEP   FT135Trans                                                                     
16,108,+126139,,,,YARDI CARD DEP   FT135Trans                                                                     
16,108,+136214,,,,Lindy Property-f Settlement                                                                     
16,108,+155000,,,,Lindy Property-f Settlement                                                                     
16,108,+186159,,,,236073801        JOSHUAHSE                                                                      
16,475,+7020,0,8649420,19384,CHECK PAID                                                                           
16,195,+905178,,,,NO DESCRIPTION FOR TRAN                                                                         
16,409,+701862,0,,,Lindy Longwood M PREFUND                                                                       
16,409,+1759772,0,,,Lindy Longwood M PREFUND                                                                      
16,108,+27107,,,,YARDI CARD DEP   FT135Trans                                                                      
16,108,+69492,,,,236073801        FOUNTAING                                                                       
16,108,+72607,,,,FLEX                                                                                             
16,108,+116952,,,,236073801        ROOSEVELT                                                                      
49,+51335652,16/
03,709901359,,015,+21202508,,,045,+21202508,,,100,+472840,,,400,+61732,,/                                         
16,108,+400,,,,Lindy Property-f Settlement                                                                        
16,108,+472440,,,,YARDI CARD DEP   FT135Trans                                                                     
16,475,+61732,0,8256280,19383,CHECK PAID                                                                          
49,+43474160,5/
03,709901359,,015,+15797964,,,045,+15797964,,,100,+192254,,,400,+5596798,,/                                       
16,475,+14000,0,8391150,19378,CHECK PAID                                                                          
16,409,+602602,0,,,CASS INFO. SHIP. CONC ACCTS                                                                    
16,409,+4980196,0,,,KEYBANK RE CAP   PAYMENT                                                                      
16,108,+8257,,,,Lindy Property-f Settlement                                                                       
16,108,+183997,,,,YARDI CARD DEP   FT135Trans                                                                     
49,+43174032,7/
03,709901359,,015,+15797964,,,045,+15797964,,,100,,,,400,,,/                                                      
49,+31595928,2/
03,709901359,,015,+15797964,,,045,+15797964,,,100,,,,400,,,/                                                      
49,+31595928,2/
03,709901359,,015,+15977910,,,045,+15914931,,,100,+179946,,,400,,,/                                               
16,108,+116967,,,,YARDI CARD DEP   FT135Trans                                                                     
16,108,+62979,,,,LOCKBOX DEPOSIT                                                                                  
49,+32252733,4/
03,709901359,,015,+15442951,,,045,+15442951,,,100,+447926,,,400,+982885,,/                                        
16,475,+514000,0,8110590,19391,CHECK PAID                                                                         
16,475,+148392,0,8557490,19388,CHECK PAID                                                                         
16,475,+140604,0,8529540,19381,CHECK PAID                                                                         
16,108,+447926,,,,Lindy Property-f Settlement                                                                     
16,475,+128709,0,8518340,19394,CHECK PAID                                                                         
16,475,+51180,0,8529030,19392,CHECK PAID                                                                          
49,+33747524,8/
03,709901359,,015,+15136306,,,045,+14543339,,,100,+8350,,,400,+314995,,/                                          
16,108,+8350,,,,YARDI CARD DEP   FT135Trans                                                                       
16,475,+194995,0,8189980,19390,CHECK PAID                                                                         
16,475,+120000,0,8188570,19387,CHECK PAID                                                                         
49,+30326335,5/
03,709901359,,015,+14821798,,,045,+14806699,,,100,+278459,,,400,+592967,,/                                        
16,108,+60000,,,,Lindy Property-f Settlement                                                                      
16,108,+218459,,,,Lindy Property-f Settlement                                                                     
16,409,+592967,0,,,Lindy Longwood M PREFUND                                                                       
49,+31371349,5/
03,709901359,,015,+14917138,,,045,+14917138,,,100,+126608,,,400,+31268,,/                                         
16,108,+62053,,,,236073801        JOSHUAHSE                                                                       
16,409,+15099,0,,,Lindy Longwood M PREFUND                                                                        
16,409,+16169,0,,,CASS INFO. SHIP. CONC ACCTS                                                                     
16,108,+2407,,,,Lindy Property-f Settlement                                                                       
16,108,+23164,,,,236073801        FOUNTAING                                                                       
16,108,+38984,,,,236073801        ROOSEVELT                                                                       
49,+30150028,8/
03,709901359,,015,+14917138,,,045,+14917138,,,100,,,,400,,,/                                                      
49,+29834276,2/
03,709901359,,015,+14917138,,,045,+14917138,,,100,,,,400,,,/                                                      
49,+29834276,2/
03,709901359,,015,+15077838,,,045,+15077838,,,100,+180700,,,400,+20000,,/                                         
16,108,+180700,,,,Lindy Property-f Settlement                                                                     
16,475,+20000,0,8024070,19389,CHECK PAID                                                                          
49,+30557076,4/
03,709901359,,015,+15159745,,,045,+15159745,,,100,+164907,,,400,+83000,,/                                         
16,108,+164907,,,,YARDI CARD DEP   FT135Trans                                                                     
16,475,+28000,0,8593120,19400,CHECK PAID                                                                          
16,475,+55000,0,8574290,19395,CHECK PAID                                                                          
49,+30815304,5/
03,709901359,,015,+14911981,,,045,+14853862,,,100,+58119,,,400,+305883,,/                                         
16,108,+58119,,,,DEPOSIT ANY TYPE                                                                                 
16,409,+37155,0,,,BUCKEYE TELESYST BUCKEYE                                                                        
16,475,+13296,0,8210190,19398,CHECK PAID                                                                          
16,475,+45432,0,8713640,19397,CHECK PAID                                                                          
16,475,+210000,0,8697920,19396,CHECK PAID                                                                         
49,+30493847,7/
03,709901359,,015,+14911981,,,045,+14911981,,,100,,,,400,,,/                                                      
49,+29823962,2/
03,709901359,,015,+14308609,,,045,+14265609,,,100,+220507,,,400,+823879,,/                                        
16,108,+7500,,,,YARDI CARD DEP   FT135Trans                                                                       
16,108,+170007,,,,Lindy Property-f Settlement                                                                     
16,108,+43000,,,,LOCKBOX DEPOSIT                                                                                  
16,409,+823879,0,,,CASS INFO. SHIP. CONC ACCTS                                                                    
49,+30662990,6/
03,709901359,,015,+14308609,,,045,+14265609,,,100,,,,400,,,/                                                      
49,+28574218,2/
03,709901359,,015,+14308609,,,045,+14265609,,,100,,,,400,,,/                                                      
49,+28574218,2/
03,709901359,,015,+14440147,,,045,+14331540,,,100,+408628,,,400,+277090,,/                                        
16,108,+100000,,,,Lindy Property-f Settlement                                                                     
16,108,+200021,,,,Lindy Property-f Settlement                                                                     
16,475,+160723,0,8578680,19409,CHECK PAID                                                                         
16,475,+3900,0,8607540,19404,CHECK PAID                                                                           
16,475,+112467,0,8571540,19399,CHECK PAID                                                                         
16,108,+108607,,,,LOCKBOX DEPOSIT                                                                                 
49,+30143123,8/
03,709901359,,015,+13236609,,,045,+13217310,,,100,+147819,,,400,+1351357,,/                                       
16,108,+2999,,,,VERIZON SERVICE  EFT PAYMNT                                                                       
16,108,+125521,,,,Lindy Property-f Settlement                                                                     
16,475,+47241,0,8714790,19413,CHECK PAID                                                                          
16,475,+6600,0,8746900,19412,CHECK PAID                                                                           
16,475,+475000,0,8765280,19410,CHECK PAID                                                                         
16,475,+570000,0,8753160,19406,CHECK PAID                                                                         
16,475,+132516,0,8754190,19405,CHECK PAID                                                                         
16,475,+120000,0,8756510,19403,CHECK PAID                                                                         
16,108,+19299,,,,DEPOSIT ANY TYPE                                                                                 
49,+29452271,11/
03,709901359,,015,+13247459,,,045,+13247459,,,100,+380635,,,400,+369785,,/                                        
16,108,+216628,,,,Lindy Property-f Settlement                                                                     
16,475,+295110,0,8798560,19411,CHECK PAID                                                                         
16,475,+74675,0,8810600,19407,CHECK PAID                                                                          
16,108,+164007,,,,YARDI CARD DEP   FT135Trans                                                                     
49,+27995758,6/
03,709901359,,015,+13872930,,,045,+13669353,,,100,+687203,,,400,+61732,,/                                         
16,108,+341912,,,,Lindy Property-f Settlement                                                                     
16,108,+7807,,,,YARDI CARD DEP   FT135Trans                                                                       
16,108,+133907,,,,YARDI CARD DEP   FT135Trans                                                                     
16,475,+61732,0,8113050,19414,CHECK PAID                                                                          
16,108,+203577,,,,LOCKBOX DEPOSIT                                                                                 
49,+29040153,7/
03,709901359,,015,+14469209,,,045,+14385095,,,100,+608363,,,400,+12084,,/                                         
16,108,+192621,,,,Lindy Property-f Settlement                                                                     
16,108,+331628,,,,Lindy Property-f Settlement                                                                     
16,475,+12084,0,8240410,19402,CHECK PAID                                                                          
16,108,+84114,,,,LOCKBOX DEPOSIT                                                                                  
49,+30095198,6/
03,709901359,,015,+14469209,,,045,+14385095,,,100,,,,400,,,/                                                      
49,+28854304,2/
98,+1089253631,1,175/
99,+1089253631,1,177/
